case	expected (cases.json)	oneOf	judged	kept (main, = Java)	counter	middle	rule that carried it
receipt/reject-an-unsigned-value-sequence-holding-a-short-utctime	MALFORMED	no	before the signature (envelope)	MALFORMED, 0 full decodes	ok	MALFORMED, 0 full decodes	primitive hand-off (CHECKED_TAGS)
receipt/unreadable-fourth-field-sequence-holding-a-padded-integer	UNREADABLE_PAYLOAD	no	after the signature (payload)	UNREADABLE_PAYLOAD	ok, unknown 9000 kept	UNREADABLE_PAYLOAD	primitive hand-off (CHECKED_TAGS)
receipt/unreadable-fourth-field-sequence-holding-a-short-utctime	UNREADABLE_PAYLOAD	no	after the signature (payload)	UNREADABLE_PAYLOAD	ok, unknown 9000 kept	UNREADABLE_PAYLOAD	primitive hand-off (CHECKED_TAGS)
receipt/unreadable-fourth-field-sequence-holding-a-short-generalizedtime	UNREADABLE_PAYLOAD	no	after the signature (payload)	UNREADABLE_PAYLOAD	ok, unknown 9000 kept	UNREADABLE_PAYLOAD	primitive hand-off (CHECKED_TAGS)
receipt/unreadable-fourth-field-sequence-holding-a-primitive-sequence	UNREADABLE_PAYLOAD	no	after the signature (payload)	UNREADABLE_PAYLOAD	ok, unknown 9000 kept	UNREADABLE_PAYLOAD	primitive hand-off (CHECKED_TAGS 16)
receipt/unreadable-fourth-field-sequence-holding-an-end-of-contents	UNREADABLE_PAYLOAD	no	after the signature (payload)	UNREADABLE_PAYLOAD	ok, unknown 9000 kept	UNREADABLE_PAYLOAD	end-of-contents in a definite length
receipt/unreadable-attribute-type-in-high-tag-form	UNREADABLE_PAYLOAD	no	after the signature (payload)	UNREADABLE_PAYLOAD	ok, bundle_id com.example.app	ok, bundle_id com.example.app	Headers::Short
receipt/app-item-id-in-high-tag-form-is-kept-raw	ok, app_item_id null, raw 1F 02 01 05	no	after the signature (payload field)	as expected	ok, app_item_id 5, no raw entry	ok, app_item_id 5, no raw entry	short_header
receipt/unreadable-attribute-value-with-a-utf8string-chunk	UNREADABLE_PAYLOAD	no	after the signature (payload)	UNREADABLE_PAYLOAD	ok, bundle_id com.example.app	ok, bundle_id com.example.app	values_are_octet_strings
receipt/unreadable-double-wrap-with-a-foreign-chunk	UNREADABLE_PAYLOAD	no	after the signature (payload)	UNREADABLE_PAYLOAD	ok, bundle_id com.example.app	ok, bundle_id com.example.app	octet_string_exact (wrap)
receipt/bundle-id-with-a-five-octet-length-is-kept-raw	ok, only bundle_id_bytes pinned (Java reads com.example.app)	no	after the signature (payload field)	ok, bundle_id null	ok, bundle_id com.example.app (passes; now as Java)	ok, bundle_id com.example.app (passes; now as Java)	short_header
receipt/unreadable-fourth-field-sequence-holding-a-constructed-integer	UNREADABLE_PAYLOAD	no	after the signature (payload)	UNREADABLE_PAYLOAD	UNREADABLE_PAYLOAD (string hand-off)	UNREADABLE_PAYLOAD	PRIMITIVE_ONLY_TAGS, subsumed by the string hand-off
receipt/unreadable-fourth-field-sequence-holding-a-7-level-octet-string	ok or UNREADABLE_PAYLOAD	yes	after the signature (payload)	UNREADABLE_PAYLOAD	UNREADABLE_PAYLOAD	UNREADABLE_PAYLOAD	string hand-off, kept
receipt/unreadable-fourth-field-boolean-of-two-octets	UNREADABLE_PAYLOAD	no	after the signature (payload)	UNREADABLE_PAYLOAD	UNREADABLE_PAYLOAD (OpenSSL's template decode)	UNREADABLE_PAYLOAD	none: OpenSSL refuses it
