class	crate	path	line	kind	source
C	wasmi	wasmi/src/engine/mod.rs	579	impl	unsafe impl Send for EngineStacks {}
C	wasmi	wasmi/src/engine/mod.rs	593	impl	unsafe impl Sync for EngineStacks {}
C	wasmi	wasmi/src/engine/resumable.rs	224	impl	unsafe impl Sync for ResumableCallCommon {}
B	wasmi	wasmi/src/engine/code_map/mod.rs	190	block	let buckets = unsafe { slice::from_raw_parts(base, len_buckets) };
B	wasmi	wasmi/src/engine/code_map/mod.rs	202	block	let bucket = unsafe { FuncsBucketRef::from_raw_parts(raw, len_bucket) };
B	wasmi	wasmi/src/engine/code_map/mod.rs	275	block	unsafe { base.add(n).write(Some(raw)) };
B	wasmi	wasmi/src/engine/code_map/mod.rs	292	block	unsafe { self.get_within(func, len_funcs) }
B	wasmi	wasmi/src/engine/code_map/mod.rs	304	fn	pub unsafe fn get_within(&self, func: EngineFunc, len_funcs: usize) -> Option<&FuncEntry> {
B	wasmi	wasmi/src/engine/code_map/mod.rs	313	block	let Some(raw) = (unsafe { *base.add(bucket) }) else {
B	wasmi	wasmi/src/engine/code_map/mod.rs	314	block	unsafe { unreachable_unchecked!() } // bucket of a contained func is always published
B	wasmi	wasmi/src/engine/code_map/mod.rs	317	block	unsafe { FuncsBucketRef::from_raw_parts(raw, Self::size_of_bucket_at(bucket)) };
B	wasmi	wasmi/src/engine/code_map/mod.rs	364	block	let bucket = unsafe { FuncsBucket::from_raw_parts(raw_bucket, len) };
B	wasmi	wasmi/src/engine/code_map/mod.rs	398	block	let funcs = unsafe { NonNull::new_unchecked(Box::into_raw(self.funcs) as *mut FuncEntry) };
B	wasmi	wasmi/src/engine/code_map/mod.rs	408	fn	pub unsafe fn from_raw_parts(raw: RawFuncsBucket, len: usize) -> FuncsBucket {
B	wasmi	wasmi/src/engine/code_map/mod.rs	411	block	funcs: unsafe { Box::from_raw(funcs) },
B	wasmi	wasmi/src/engine/code_map/mod.rs	430	fn	pub unsafe fn from_raw_parts(raw: RawFuncsBucket, len: usize) -> FuncsBucketRef<'a> {
B	wasmi	wasmi/src/engine/code_map/mod.rs	431	block	let funcs = unsafe { slice::from_raw_parts(raw.funcs.as_ptr(), len) };
B	wasmi	wasmi/src/engine/code_map/mod.rs	494	fn	pub unsafe fn get<'a>(self) -> &'a FuncEntry {
B	wasmi	wasmi/src/engine/code_map/mod.rs	496	block	unsafe { &*ptr::with_exposed_provenance::<FuncEntry>(self.0) }
B	wasmi	wasmi/src/engine/code_map/mod.rs	506	block	unsafe { ManuallyDrop::drop(&mut data.uncompiled) }
B	wasmi	wasmi/src/engine/code_map/mod.rs	510	block	unsafe { ManuallyDrop::drop(&mut data.compiled) }
B	wasmi	wasmi/src/engine/code_map/mod.rs	519	block	let state = unsafe { self.data_mut() };
B	wasmi	wasmi/src/engine/code_map/mod.rs	526	block	.field("state", unsafe { &state.compiled })
B	wasmi	wasmi/src/engine/code_map/mod.rs	530	block	.field("state", unsafe { &state.uncompiled })
B	wasmi	wasmi/src/engine/code_map/mod.rs	560	block	unsafe { self.set_compiled(compiled) }
B	wasmi	wasmi/src/engine/code_map/mod.rs	571	block	unsafe { self.set_uncompiled(uncompiled) }
B	wasmi	wasmi/src/engine/code_map/mod.rs	579	fn	unsafe fn set_compiled(&self, compiled: CompiledFuncEntry) {
B	wasmi	wasmi/src/engine/code_map/mod.rs	580	block	let data = unsafe { self.data_mut() };
B	wasmi	wasmi/src/engine/code_map/mod.rs	590	fn	unsafe fn set_uncompiled(&self, uncompiled: UncompiledFuncEntry) {
B	wasmi	wasmi/src/engine/code_map/mod.rs	591	block	let data = unsafe { self.data_mut() };
B	wasmi	wasmi/src/engine/code_map/mod.rs	601	fn	unsafe fn take_uncompiled(&self) -> UncompiledFuncEntry {
B	wasmi	wasmi/src/engine/code_map/mod.rs	602	block	let data = unsafe { self.data_mut() };
B	wasmi	wasmi/src/engine/code_map/mod.rs	603	block	let uncompiled = unsafe { ManuallyDrop::take(&mut data.uncompiled) };
B	wasmi	wasmi/src/engine/code_map/mod.rs	614	fn	unsafe fn data_mut(&self) -> &mut FuncEntryData {
B	wasmi	wasmi/src/engine/code_map/mod.rs	615	block	unsafe { &mut *self.data.get() }
B	wasmi	wasmi/src/engine/code_map/mod.rs	632	block	return Ok(unsafe { self.assume_compiled() });
B	wasmi	wasmi/src/engine/code_map/mod.rs	675	block	let mut uncompiled = unsafe { self.take_uncompiled() };
B	wasmi	wasmi/src/engine/code_map/mod.rs	679	block	unsafe { self.set_compiled(compiled) };
B	wasmi	wasmi/src/engine/code_map/mod.rs	685	block	unsafe { self.set_uncompiled(uncompiled) };
B	wasmi	wasmi/src/engine/code_map/mod.rs	697	block	_ => unsafe { unreachable_unchecked!() },
B	wasmi	wasmi/src/engine/code_map/mod.rs	700	block	Ok(unsafe { self.assume_compiled() })
B	wasmi	wasmi/src/engine/code_map/mod.rs	715	fn	pub unsafe fn assume_compiled(&self) -> CompiledFuncRef<'_> {
B	wasmi	wasmi/src/engine/code_map/mod.rs	716	block	let func = unsafe { &*self.data.get() };
B	wasmi	wasmi/src/engine/code_map/mod.rs	717	block	let compiled = unsafe { &*func.compiled };
C	wasmi	wasmi/src/engine/code_map/mod.rs	755	impl	unsafe impl Send for FuncEntry {}
C	wasmi	wasmi/src/engine/code_map/mod.rs	756	impl	unsafe impl Sync for FuncEntry {}
C	wasmi	wasmi/src/engine/code_map/mod.rs	757	impl	unsafe impl Send for Funcs {}
C	wasmi	wasmi/src/engine/code_map/mod.rs	758	impl	unsafe impl Sync for Funcs {}
C	wasmi	wasmi/src/engine/code_map/mod.rs	759	impl	unsafe impl Send for RawFuncsBucket {}
C	wasmi	wasmi/src/engine/code_map/mod.rs	760	impl	unsafe impl Sync for RawFuncsBucket {}
B	wasmi	wasmi/src/engine/code_map/mod.rs	927	block	Ok(unsafe { result.assume_init() })
A-stack	wasmi	wasmi/src/engine/executor/inout.rs	70	fn	pub unsafe fn new(
A-stack	wasmi	wasmi/src/engine/executor/inout.rs	96	fn	unsafe fn params(&self) -> &[Cell] {
A-stack	wasmi	wasmi/src/engine/executor/inout.rs	99	block	unsafe { slice::from_raw_parts(self.cells.as_ptr(), self.len_params) }
A-stack	wasmi	wasmi/src/engine/executor/inout.rs	114	fn	unsafe fn results_mut(&mut self) -> &mut [Cell] {
A-stack	wasmi	wasmi/src/engine/executor/inout.rs	117	block	unsafe { slice::from_raw_parts_mut(self.cells.as_ptr(), self.len_results) }
A-stack	wasmi	wasmi/src/engine/executor/inout.rs	129	block	let mut param_cells = unsafe { self.params() };
A-stack	wasmi	wasmi/src/engine/executor/inout.rs	142	block	let mut param_cells = unsafe { self.params() };
A-stack	wasmi	wasmi/src/engine/executor/inout.rs	159	block	let mut result_cells = unsafe { self.results_mut() };
A-ip	wasmi	wasmi/src/engine/executor/handler/args.rs	92	fn	pub unsafe fn decode_op<T: ir::Decode>(&mut self) -> T {
A-ip	wasmi	wasmi/src/engine/executor/handler/args.rs	94	block	let op = unsafe { self.decode::<T>() };
A-ip	wasmi	wasmi/src/engine/executor/handler/args.rs	101	fn	pub unsafe fn decode<T: ir::Decode>(&mut self) -> T {
A-ip	wasmi	wasmi/src/engine/executor/handler/args.rs	103	block	true => unsafe { self.ip.skip::<ir::OpCode>() },
A-ip	wasmi	wasmi/src/engine/executor/handler/args.rs	104	block	false => unsafe { self.ip.skip::<::core::primitive::usize>() },
A-ip	wasmi	wasmi/src/engine/executor/handler/args.rs	106	block	let (new_ip, op) = unsafe { ip.decode() };
A-ip	wasmi	wasmi/src/engine/executor/handler/args.rs	139	block	self.ip = unsafe { self.ip.offset(i32::from(offset) as isize) };
A-inst	wasmi	wasmi/src/engine/executor/handler/args.rs	161	block	unsafe { self.instance.load_entity_mut(store, addr) }
A-inst	wasmi	wasmi/src/engine/executor/handler/args.rs	177	block	unsafe { self.instance.load_entity_mut(store, addr) }
A-inst	wasmi	wasmi/src/engine/executor/handler/args.rs	193	block	unsafe { self.instance.load_entity_mut(store, addr) }
A-inst	wasmi	wasmi/src/engine/executor/handler/args.rs	209	block	unsafe { self.instance.load_entity_mut(store, addr) }
A-inst	wasmi	wasmi/src/engine/executor/handler/args.rs	225	block	unsafe { self.instance.load_entity_mut(store, addr) }
A-ip	wasmi	wasmi/src/engine/executor/handler/exec.rs	54	block	let crate::ir::decode::Trap { trap_code } = unsafe { args.decode_op() };
A-ip	wasmi	wasmi/src/engine/executor/handler/exec.rs	72	block	let crate::ir::decode::ConsumeFuel { fuel } = unsafe { args.decode_op() };
A-ip	wasmi	wasmi/src/engine/executor/handler/exec.rs	98	block	let crate::ir::decode::Branch { offset } = unsafe { args.decode_op() };
A-ip	wasmi	wasmi/src/engine/executor/handler/exec.rs	127	block	let crate::ir::decode::$camel_name { global, result } = unsafe { args.decode_op() };
A-ip	wasmi	wasmi/src/engine/executor/handler/exec.rs	168	block	let crate::ir::decode::$camel_name { global, value } = unsafe { args.decode_op() };
A-inst	wasmi	wasmi/src/engine/executor/handler/exec.rs	172	block	let global_ref = unsafe { value_ptr.as_mut() };
A-ip	wasmi	wasmi/src/engine/executor/handler/exec.rs	223	block	let crate::ir::decode::CallInternal { params, func } = unsafe { args.decode_op() };
A-ip	wasmi	wasmi/src/engine/executor/handler/exec.rs	226	block	let func = unsafe { FuncEntryPtr::from(usize::from(func)).get() };
A-ip	wasmi	wasmi/src/engine/executor/handler/exec.rs	245	block	let crate::ir::decode::CallImported { params, func } = unsafe { args.decode_op() };
A-ip	wasmi	wasmi/src/engine/executor/handler/exec.rs	273	block	} = unsafe { args.decode_op() };
A-ip	wasmi	wasmi/src/engine/executor/handler/exec.rs	302	block	let crate::ir::decode::ReturnCallInternal { params, func } = unsafe { args.decode_op() };
A-ip	wasmi	wasmi/src/engine/executor/handler/exec.rs	304	block	let func = unsafe { FuncEntryPtr::from(usize::from(func)).get() };
A-ip	wasmi	wasmi/src/engine/executor/handler/exec.rs	323	block	let crate::ir::decode::ReturnCallImported { params, func } = unsafe { args.decode_op() };
A-ip	wasmi	wasmi/src/engine/executor/handler/exec.rs	351	block	} = unsafe { args.decode_op() };
A-ip	wasmi	wasmi/src/engine/executor/handler/exec.rs	380	block	let crate::ir::decode::MemorySize { memory, result } = unsafe { args.decode_op() };
A-ip	wasmi	wasmi/src/engine/executor/handler/exec.rs	404	block	} = unsafe { args.decode_op() };
A-mem	wasmi	wasmi/src/engine/executor/handler/exec.rs	406	block	let memref = unsafe { instance.load_handle(memory) };
A-mem	wasmi	wasmi/src/engine/executor/handler/exec.rs	420	block	let memory = unsafe { instance.load_entity_mut(store, memory) };
A-assume	wasmi	wasmi/src/engine/executor/handler/exec.rs	434	block	Err(StoreError::Internal(error)) => unsafe {
A-ip	wasmi	wasmi/src/engine/executor/handler/exec.rs	465	block	} = unsafe { args.decode_op() };
A-mem	wasmi	wasmi/src/engine/executor/handler/exec.rs	482	block	let src_ptr = unsafe { instance.load_entity_ptr(src_memory) };
A-mem	wasmi	wasmi/src/engine/executor/handler/exec.rs	483	block	let mut dst_ptr = unsafe { instance.load_entity_ptr(dst_memory) };
A-mem	wasmi	wasmi/src/engine/executor/handler/exec.rs	493	block	let src_memory = unsafe { src_ptr.as_ref() };
A-mem	wasmi	wasmi/src/engine/executor/handler/exec.rs	494	block	let dst_memory = unsafe { dst_ptr.as_mut() };
A-mem	wasmi	wasmi/src/engine/executor/handler/exec.rs	522	block	let memory = unsafe { args.instance.load_entity_ptr(dst_memory).as_mut() };
A-ip	wasmi	wasmi/src/engine/executor/handler/exec.rs	553	block	} = unsafe { args.decode_op() };
A-mem	wasmi	wasmi/src/engine/executor/handler/exec.rs	564	block	let memory = unsafe { instance.load_entity_ptr(memory).as_mut() };
A-ip	wasmi	wasmi/src/engine/executor/handler/exec.rs	592	block	} = unsafe { args.decode_op() };
A-mem	wasmi	wasmi/src/engine/executor/handler/exec.rs	607	block	let memory = unsafe { instance.load_entity_ptr(memory).as_mut() };
A-mem	wasmi	wasmi/src/engine/executor/handler/exec.rs	608	block	let data = unsafe { instance.load_entity_ptr(data).as_ref() };
A-ip	wasmi	wasmi/src/engine/executor/handler/exec.rs	637	block	let crate::ir::decode::DataDrop { data } = unsafe { args.decode_op() };
A-ip	wasmi	wasmi/src/engine/executor/handler/exec.rs	656	block	let crate::ir::decode::TableSize { table, result } = unsafe { args.decode_op() };
A-ip	wasmi	wasmi/src/engine/executor/handler/exec.rs	681	block	} = unsafe { args.decode_op() };
A-inst	wasmi	wasmi/src/engine/executor/handler/exec.rs	682	block	let table_ref = unsafe { instance.load_handle(table) };
A-inst	wasmi	wasmi/src/engine/executor/handler/exec.rs	688	block	let table = unsafe { instance.load_entity_mut(store, table) };
A-assume	wasmi	wasmi/src/engine/executor/handler/exec.rs	700	block	Err(StoreError::Internal(error)) => unsafe {
A-ip	wasmi	wasmi/src/engine/executor/handler/exec.rs	731	block	} = unsafe { args.decode_op() };
A-inst	wasmi	wasmi/src/engine/executor/handler/exec.rs	735	block	let src_ptr = unsafe { instance.load_entity_ptr(src_table) };
A-inst	wasmi	wasmi/src/engine/executor/handler/exec.rs	736	block	let mut dst_ptr = unsafe { instance.load_entity_ptr(dst_table) };
A-inst	wasmi	wasmi/src/engine/executor/handler/exec.rs	742	block	let table = unsafe { dst_ptr.as_mut() };
A-inst	wasmi	wasmi/src/engine/executor/handler/exec.rs	749	block	let src_table = unsafe { src_ptr.as_ref() };
A-inst	wasmi	wasmi/src/engine/executor/handler/exec.rs	750	block	let dst_table = unsafe { dst_ptr.as_mut() };
A-ip	wasmi	wasmi/src/engine/executor/handler/exec.rs	788	block	} = unsafe { args.decode_op() };
A-inst	wasmi	wasmi/src/engine/executor/handler/exec.rs	793	block	let table = unsafe { instance.load_entity_ptr(table).as_mut() };
A-ip	wasmi	wasmi/src/engine/executor/handler/exec.rs	830	block	} = unsafe { args.decode_op() };
A-inst	wasmi	wasmi/src/engine/executor/handler/exec.rs	836	block	let table = unsafe { args.instance.load_entity_ptr(table).as_mut() };
A-inst	wasmi	wasmi/src/engine/executor/handler/exec.rs	837	block	let element = unsafe { args.instance.load_entity_ptr(elem).as_ref() };
A-ip	wasmi	wasmi/src/engine/executor/handler/exec.rs	868	block	let crate::ir::decode::ElemDrop { elem } = unsafe { args.decode_op() };
A-ip	wasmi	wasmi/src/engine/executor/handler/exec.rs	890	block	let crate::ir::decode::$op { table, result, index } = unsafe { args.decode_op() };
A-ip	wasmi	wasmi/src/engine/executor/handler/exec.rs	925	block	let crate::ir::decode::$op { table, index, value } = unsafe { args.decode_op() };
A-ip	wasmi	wasmi/src/engine/executor/handler/exec.rs	962	block	let crate::ir::decode::RefFunc { func, result } = unsafe { args.decode_op() };
A-inst	wasmi	wasmi/src/engine/executor/handler/exec.rs	963	block	let func = unsafe { instance.load_handle(func) };
A-assume	wasmi	wasmi/src/engine/executor/handler/exec.rs	965	block	unsafe { unreachable_unchecked!("store mismatch with: {func:?}") }
A-ip	wasmi	wasmi/src/engine/executor/handler/exec.rs	990	block	let crate::ir::decode::$op { results, lhs_lo, lhs_hi, rhs_lo, rhs_hi } = unsafe { args.decode_op() };
A-ip	wasmi	wasmi/src/engine/executor/handler/exec.rs	1028	block	let crate::ir::decode::$op { results, lhs, rhs } = unsafe { args.decode_op() };
A-ip	wasmi	wasmi/src/engine/executor/handler/exec.rs	1065	block	args.set_ip(unsafe { args.ip.add(target_offset) });
A-ip	wasmi	wasmi/src/engine/executor/handler/exec.rs	1066	block	let (_, offset) = unsafe { args.ip.decode::<ir::BranchOffset>() };
A-ip	wasmi	wasmi/src/engine/executor/handler/exec.rs	1087	block	args.set_ip(unsafe { args.ip.add(target_offset) });
A-ip	wasmi	wasmi/src/engine/executor/handler/exec.rs	1089	block	unsafe { args.ip.decode::<ir::BranchTableTarget>() };
A-ip	wasmi	wasmi/src/engine/executor/handler/exec.rs	1116	block	let crate::ir::decode::$camel_case { len_targets, index, values } = unsafe { args.decode() };
A-ip	wasmi	wasmi/src/engine/executor/handler/exec.rs	1821	block	let $crate::ir::decode::$decode { offset, lhs, rhs } = unsafe { args.decode_op() };
A-ip	wasmi	wasmi/src/engine/executor/handler/exec.rs	2067	block	} = unsafe { args.decode_op() };
A-ip	wasmi	wasmi/src/engine/executor/handler/exec.rs	2202	block	} = unsafe { args.decode_op() };
A-ip	wasmi	wasmi/src/engine/executor/handler/exec.rs	2360	block	} = unsafe { args.decode_op() };
B	wasmi	wasmi/src/engine/executor/handler/func.rs	168	block	let func_entry = unsafe { func_entry.get() };
C	wasmi	wasmi/src/engine/executor/handler/state.rs	71	impl	unsafe impl Send for ExecContext {}
C	wasmi	wasmi/src/engine/executor/handler/state.rs	75	impl	unsafe impl Sync for ExecContext {}
A-inst	wasmi	wasmi/src/engine/executor/handler/state.rs	321	block	unsafe { ThinPtr::with_exposed_provenance(addr) }
C	wasmi	wasmi/src/engine/executor/handler/state.rs	331	impl	unsafe impl Send for Inst {}
C	wasmi	wasmi/src/engine/executor/handler/state.rs	339	impl	unsafe impl Sync for Inst {}
A-mem	wasmi	wasmi/src/engine/executor/handler/state.rs	386	block	unsafe { slice::from_raw_parts_mut(mem0.0, mem0_len.0) }
A-ip	wasmi	wasmi/src/engine/executor/handler/state.rs	432	fn	pub unsafe fn decode<T: ir::Decode>(self) -> (Ip, T) {
A-ip	wasmi	wasmi/src/engine/executor/handler/state.rs	440	block	unsafe { ptr::copy_nonoverlapping(src, dst, len) };
A-ip	wasmi	wasmi/src/engine/executor/handler/state.rs	441	block	self.0 = unsafe { self.0.add(len) };
A-ip	wasmi	wasmi/src/engine/executor/handler/state.rs	449	block	Err(error) => unsafe {
A-ip	wasmi	wasmi/src/engine/executor/handler/state.rs	472	fn	pub unsafe fn skip<T: ir::Decode>(self) -> Ip {
A-ip	wasmi	wasmi/src/engine/executor/handler/state.rs	473	block	let (ip, _) = unsafe { self.decode::<T>() };
A-ip	wasmi	wasmi/src/engine/executor/handler/state.rs	491	fn	pub unsafe fn offset(self, delta: isize) -> Self {
A-ip	wasmi	wasmi/src/engine/executor/handler/state.rs	492	block	let value = unsafe { self.value.byte_offset(delta) };
A-ip	wasmi	wasmi/src/engine/executor/handler/state.rs	509	fn	pub unsafe fn add(self, delta: usize) -> Self {
A-ip	wasmi	wasmi/src/engine/executor/handler/state.rs	510	block	let value = unsafe { self.value.byte_add(delta) };
C	wasmi	wasmi/src/engine/executor/handler/state.rs	543	impl	unsafe impl Send for Ip {}
A-stack	wasmi	wasmi/src/engine/executor/handler/state.rs	629	block	unsafe {
A-stack	wasmi	wasmi/src/engine/executor/handler/state.rs	641	block	let value = unsafe {
A-stack	wasmi	wasmi/src/engine/executor/handler/state.rs	672	block	let value = unsafe { self.value.cast::<u8>().add(delta).cast::<Cell>() };
A-stack	wasmi	wasmi/src/engine/executor/handler/state.rs	677	fn	pub unsafe fn get<T>(self, slot: Slot) -> T
A-assume	wasmi	wasmi/src/engine/executor/handler/state.rs	684	block	unsafe { unreachable_unchecked!() }
A-stack	wasmi	wasmi/src/engine/executor/handler/state.rs	690	fn	pub unsafe fn set<T>(self, slot: Slot, value: T)
A-assume	wasmi	wasmi/src/engine/executor/handler/state.rs	697	block	unsafe { unreachable_unchecked!() }
A-stack	wasmi	wasmi/src/engine/executor/handler/state.rs	1215	block	let value = unsafe { self.cells.as_mut_ptr().add(offset) };
A-stack	wasmi	wasmi/src/engine/executor/handler/state.rs	1245	block	unsafe { self.cells.set_len(new_len) };
A-stack	wasmi	wasmi/src/engine/executor/handler/state.rs	1281	block	unsafe { self.cells.set_len(cmp::max(new_len, len)) };
A-assume	wasmi	wasmi/src/engine/executor/handler/state.rs	1370	block	unsafe { unreachable_unchecked!("must fit slice after `grow_if_needed` operation") }
A-stack	wasmi	wasmi/src/engine/executor/handler/state.rs	1376	block	let inout_or_err = unsafe { InOutParams::new(cells, len_params, len_results) };
A-stack	wasmi	wasmi/src/engine/executor/handler/state.rs	1378	block	unsafe {
A-assume	wasmi	wasmi/src/engine/executor/handler/state.rs	1430	block	unsafe { unreachable_unchecked!() }
A-assume	wasmi	wasmi/src/engine/executor/handler/state.rs	1464	block	unsafe { unreachable_unchecked!("ValueStack::replace: out of bounds callee cells") }
A-assume	wasmi	wasmi/src/engine/executor/handler/state.rs	1468	block	unsafe { unreachable_unchecked!() }
A-assume	wasmi	wasmi/src/engine/executor/handler/state.rs	1658	block	unsafe { unreachable_unchecked!("call stack must not be empty") }
A-assume	wasmi	wasmi/src/engine/executor/handler/state.rs	1681	block	unsafe { unreachable_unchecked!("missing caller frame on the call stack") }
A-stack	wasmi	wasmi/src/engine/executor/handler/utils.rs	264	block	unsafe { sp.get::<T>(src) }
A-stack	wasmi	wasmi/src/engine/executor/handler/utils.rs	461	block	unsafe { sp.set::<T>(dst, src) };
A-mem	wasmi	wasmi/src/engine/executor/handler/utils.rs	556	block	let Some(addr) = (unsafe { inst.as_ptr().layout() }).memory_addr(0) else {
A-mem	wasmi	wasmi/src/engine/executor/handler/utils.rs	561	block	let Some(mem0) = (unsafe { inst.as_ptr().get_memory(addr) }) else {
A-assume	wasmi	wasmi/src/engine/executor/handler/utils.rs	562	block	unsafe { unreachable_unchecked!("missing memory at: {addr:?}") }
A-mem	wasmi	wasmi/src/engine/executor/handler/utils.rs	566	block	let mem0 = unsafe { mem0.as_ref() };
A-mem	wasmi	wasmi/src/engine/executor/handler/utils.rs	569	block	let mem0 = unsafe { &mut *mem0.as_ptr() }.data_mut();
A-inst	wasmi	wasmi/src/engine/executor/handler/utils.rs	611	fn	unsafe fn load_entry_ptr(self, addr: Addr) -> NonNull<Self::Entry>;
A-inst	wasmi	wasmi/src/engine/executor/handler/utils.rs	625	fn	unsafe fn load_entry_ptr(self, addr: ir::$addr) -> NonNull<Self::Entry> {
A-inst	wasmi	wasmi/src/engine/executor/handler/utils.rs	628	block	let Some(entry) = (unsafe { self.as_ptr().$getter(addr) }) else {
A-inst	wasmi	wasmi/src/engine/executor/handler/utils.rs	629	block	unsafe {
A-inst	wasmi	wasmi/src/engine/executor/handler/utils.rs	668	fn	unsafe fn load_entity_ptr(self, addr: Addr) -> NonNull<Self::Entity>;
A-inst	wasmi	wasmi/src/engine/executor/handler/utils.rs	680	fn	unsafe fn load_entity_mut(self, _store: &mut PrunedStore, addr: Addr) -> &mut Self::Entity;
A-inst	wasmi	wasmi/src/engine/executor/handler/utils.rs	694	fn	unsafe fn load_entity_ptr(self, addr: ir::$addr) -> NonNull<Self::Entity> {
A-inst	wasmi	wasmi/src/engine/executor/handler/utils.rs	698	block	unsafe { self.load_entry_ptr(addr).as_ref() }.entity()
A-inst	wasmi	wasmi/src/engine/executor/handler/utils.rs	702	fn	unsafe fn load_entity_mut(self, _store: &mut PrunedStore, addr: ir::$addr) -> &mut Self::Entity {
A-inst	wasmi	wasmi/src/engine/executor/handler/utils.rs	705	block	unsafe { self.load_entity_ptr(addr).as_mut() }
A-inst	wasmi	wasmi/src/engine/executor/handler/utils.rs	724	fn	unsafe fn load_entity_ptr(self, _addr: Table0) -> NonNull<Self::Entity> {
A-inst	wasmi	wasmi/src/engine/executor/handler/utils.rs	727	block	let Some(entity) = (unsafe { self.as_ptr().get_table0() }) else {
A-assume	wasmi	wasmi/src/engine/executor/handler/utils.rs	728	block	unsafe { unreachable_unchecked!("missing table entity for table 0") }
A-inst	wasmi	wasmi/src/engine/executor/handler/utils.rs	734	fn	unsafe fn load_entity_mut(self, _store: &mut PrunedStore, addr: Table0) -> &mut Self::Entity {
A-inst	wasmi	wasmi/src/engine/executor/handler/utils.rs	737	block	unsafe { self.load_entity_ptr(addr).as_mut() }
A-inst	wasmi	wasmi/src/engine/executor/handler/utils.rs	754	fn	unsafe fn load_handle(self, addr: Addr) -> Self::Handle;
A-inst	wasmi	wasmi/src/engine/executor/handler/utils.rs	768	fn	unsafe fn load_handle(self, addr: ir::$addr) -> Self::Handle {
A-inst	wasmi	wasmi/src/engine/executor/handler/utils.rs	770	block	let entry_ref = unsafe { self.load_entry_ptr(addr).as_ref() };
A-inst	wasmi	wasmi/src/engine/executor/handler/utils.rs	794	block	let entry_ref = unsafe { inst.load_entry_ptr(func).as_ref() };
A-inst	wasmi	wasmi/src/engine/executor/handler/utils.rs	820	block	let actual_fnty = unsafe { func_entity.as_ref() }.ty_dedup().repr_entity();
A-assume	wasmi	wasmi/src/engine/executor/handler/utils.rs	907	block	Err(StoreError::Internal(error)) => unsafe {
A-inst	wasmi	wasmi/src/engine/executor/handler/utils.rs	987	block	let func_entity = unsafe { func_entity.as_ref() };
A-inst	wasmi	wasmi/src/engine/executor/handler/utils.rs	1035	block	let func_entity = unsafe { func_entity.as_ref() };
A-ip	wasmi	wasmi/src/engine/executor/handler/dispatch/mod.rs	35	block	let (_, op_code) = unsafe { ip.decode::<crate::ir::OpCode>() };
A-ip	wasmi	wasmi/src/engine/executor/handler/dispatch/mod.rs	43	block	let (_, addr) = unsafe { ip.decode::<usize>() };
A-ip	wasmi	wasmi/src/engine/executor/handler/dispatch/mod.rs	44	block	unsafe { mem::transmute::<*const (), Handler>(ptr::with_exposed_provenance(addr)) }
A-ip	wasmi	wasmi/src/engine/executor/handler/dispatch/backend/loop.rs	74	block	unsafe { *HANDLERS.get_unchecked(usize::from(u16::from(code))) }
A-ip	wasmi	wasmi/src/engine/executor/handler/dispatch/backend/tail.rs	65	block	unsafe { *HANDLERS.get_unchecked(usize::from(u16::from(code))) }
A-ip	wasmi	wasmi/src/engine/executor/handler/exec/macros.rs	107	block	let $crate::ir::decode::$op { result, value } = unsafe { args.decode_op() };
A-ip	wasmi	wasmi/src/engine/executor/handler/exec/macros.rs	134	block	let $crate::ir::decode::$decode { result, lhs, rhs } = unsafe { args.decode_op() };
A-ip	wasmi	wasmi/src/engine/executor/handler/exec/macros.rs	167	block	} = unsafe { args.decode_op() };
A-ip	wasmi	wasmi/src/engine/executor/handler/exec/macros.rs	200	block	} = unsafe { args.decode_op() };
A-ip	wasmi	wasmi/src/engine/executor/handler/exec/macros.rs	234	block	} = unsafe { args.decode_op() };
A-ip	wasmi	wasmi/src/engine/executor/handler/exec/macros.rs	267	block	} = unsafe { args.decode_op() };
A-ip	wasmi	wasmi/src/engine/executor/handler/exec/simd.rs	39	block	} = unsafe { args.decode_op() };
A-ip	wasmi	wasmi/src/engine/executor/handler/exec/simd.rs	341	block	} = unsafe { args.decode_op() };
A-ip	wasmi	wasmi/src/engine/executor/handler/exec/simd.rs	402	block	} = unsafe { args.decode_op() };
A-ip	wasmi	wasmi/src/engine/executor/handler/exec/simd.rs	446	block	let $crate::ir::decode::$decode { result, $v0, $v1, $v2 } = unsafe { args.decode_op() };
A-ip	wasmi	wasmi/src/engine/executor/handler/exec/simd.rs	505	block	let $crate::ir::decode::$op { ptr, offset, value, memory, lane } = unsafe { args.decode_op() };
A-ip	wasmi	wasmi/src/engine/executor/handler/exec/simd.rs	540	block	let $crate::ir::decode::$op { ptr, offset, value, lane } = unsafe { args.decode_op() };
B	wasmi	wasmi/src/func/caller.rs	40	block	let instance = unsafe { instance.as_ptr().as_ref() };
B	wasmi	wasmi/src/func/mod.rs	208	block	unsafe { self.func_entry.get() }
C	wasmi	wasmi/src/instance/cache.rs	40	impl	unsafe impl Send for AnyHandleAndEntity {}
C	wasmi	wasmi/src/instance/cache.rs	48	impl	unsafe impl Sync for AnyHandleAndEntity {}
C	wasmi	wasmi/src/instance/cache.rs	63	impl	unsafe impl Send for Table0Ptr {}
C	wasmi	wasmi/src/instance/cache.rs	68	impl	unsafe impl Sync for Table0Ptr {}
A-inst	wasmi	wasmi/src/instance/cache.rs	104	fn	pub unsafe fn into_typed_ptr<T: HasHandleKind>(
A-inst	wasmi	wasmi/src/instance/cache.rs	108	block	unsafe { this.as_ref() }.handle.assert_kind::<T>();
A-inst	wasmi	wasmi/src/instance/cache.rs	121	fn	pub unsafe fn as_typed_ref<T: HasHandleKind>(&self) -> &HandleAndEntity<T> {
A-inst	wasmi	wasmi/src/instance/cache.rs	125	block	unsafe { &*ptr::from_ref(self).cast::<HandleAndEntity<T>>() }
A-inst	wasmi	wasmi/src/instance/cache.rs	135	fn	pub unsafe fn as_typed_mut<T: HasHandleKind>(&mut self) -> &mut HandleAndEntity<T> {
A-inst	wasmi	wasmi/src/instance/cache.rs	139	block	unsafe { &mut *ptr::from_mut(self).cast::<HandleAndEntity<T>>() }
A-inst	wasmi	wasmi/src/instance/cache.rs	184	block	unsafe { $cast(self.inner.handle) }
A-inst	wasmi	wasmi/src/instance/entity.rs	210	block	let Some(ptr) = NonNull::new(unsafe { alloc(alloc_layout) }) else {
A-inst	wasmi	wasmi/src/instance/entity.rs	218	block	unsafe {
A-inst	wasmi	wasmi/src/instance/entity.rs	232	block	let entity = unsafe { Box::from_raw(ptr) };
A-inst	wasmi	wasmi/src/instance/entity.rs	295	block	let entry = unsafe { entry.as_typed_mut::<$handle>() };
A-inst	wasmi	wasmi/src/instance/entity.rs	311	block	let entry = unsafe { entry.as_typed_ref::<Table>() };
A-inst	wasmi	wasmi/src/instance/entity.rs	321	block	Some(unsafe { entry.as_typed_ref::<Memory>() }.handle())
A-inst	wasmi	wasmi/src/instance/entity.rs	329	block	Some(unsafe { entry.as_typed_ref::<Table>() }.handle())
A-inst	wasmi	wasmi/src/instance/entity.rs	337	block	Some(unsafe { entry.as_typed_ref::<Global>() }.handle())
A-inst	wasmi	wasmi/src/instance/entity.rs	345	block	Some(unsafe { entry.as_typed_ref::<Func>() }.handle())
A-inst	wasmi	wasmi/src/instance/entity.rs	353	block	Some(unsafe { entry.as_typed_ref::<DataSegment>() }.handle())
A-inst	wasmi	wasmi/src/instance/entity.rs	361	block	Some(unsafe { entry.as_typed_ref::<ElementSegment>() }.handle())
A-inst	wasmi	wasmi/src/instance/entity.rs	416	fn	unsafe fn header<'a>(self) -> &'a InstanceEntityHeader {
A-inst	wasmi	wasmi/src/instance/entity.rs	418	block	unsafe { self.cast::<InstanceEntityHeader>().as_ref() }
A-inst	wasmi	wasmi/src/instance/entity.rs	433	fn	unsafe fn handles(self) -> NonNull<AnyHandleAndEntity> {
A-inst	wasmi	wasmi/src/instance/entity.rs	436	block	unsafe { self.cast::<u8>().byte_add(HANDLES_OFFSET).cast() }
A-inst	wasmi	wasmi/src/instance/entity.rs	445	fn	unsafe fn entry(self, addr: u32) -> Option<NonNull<AnyHandleAndEntity>> {
A-inst	wasmi	wasmi/src/instance/entity.rs	447	block	if addr >= unsafe { self.header() }.len_handles() {
A-inst	wasmi	wasmi/src/instance/entity.rs	451	block	Some(unsafe { self.handles().add(addr as usize) })
A-inst	wasmi	wasmi/src/instance/entity.rs	460	fn	pub unsafe fn layout<'a>(self) -> &'a InstanceLayout {
A-inst	wasmi	wasmi/src/instance/entity.rs	462	block	unsafe { self.header() }.layout()
A-inst	wasmi	wasmi/src/instance/entity.rs	466	fn	pub unsafe fn get_table0(self) -> Option<NonNull<CoreTable>> {
A-inst	wasmi	wasmi/src/instance/entity.rs	467	block	unsafe { self.header() }.table0.map(Table0Ptr::get)
A-inst	wasmi	wasmi/src/instance/entity.rs	482	fn	pub unsafe fn as_ref<'a>(self) -> &'a InstanceEntity {
A-inst	wasmi	wasmi/src/instance/entity.rs	486	block	let len_handles = unsafe {
A-inst	wasmi	wasmi/src/instance/entity.rs	494	block	unsafe { &*ptr }
A-inst	wasmi	wasmi/src/instance/entity.rs	502	fn	pub unsafe fn $get:ident(self, addr: $addr_ty:ty) -> Option<NonNull<HandleAndEntity<$handle:ty>>>;
A-inst	wasmi	wasmi/src/instance/entity.rs	515	fn	pub unsafe fn $get(self, addr: $addr_ty) -> Option<NonNull<HandleAndEntity<$handle>>> {
A-inst	wasmi	wasmi/src/instance/entity.rs	517	block	let entry = unsafe { self.entry(u32::from(addr)) }?;
A-inst	wasmi	wasmi/src/instance/entity.rs	519	block	let typed = unsafe { AnyHandleAndEntity::into_typed_ptr::<$handle>(entry) };
A-inst	wasmi	wasmi/src/instance/entity.rs	529	fn	pub unsafe fn get_memory(self, addr: MemoryAddr) -> Option<NonNull<HandleAndEntity<Memory>>>;
A-inst	wasmi	wasmi/src/instance/entity.rs	531	fn	pub unsafe fn get_global(self, addr: GlobalAddr) -> Option<NonNull<HandleAndEntity<Global>>>;
A-inst	wasmi	wasmi/src/instance/entity.rs	533	fn	pub unsafe fn get_table(self, addr: TableAddr) -> Option<NonNull<HandleAndEntity<Table>>>;
A-inst	wasmi	wasmi/src/instance/entity.rs	535	fn	pub unsafe fn get_func(self, addr: FuncAddr) -> Option<NonNull<HandleAndEntity<Func>>>;
A-inst	wasmi	wasmi/src/instance/entity.rs	537	fn	pub unsafe fn get_elem(self, addr: ElemAddr) -> Option<NonNull<HandleAndEntity<ElementSegment>>>;
A-inst	wasmi	wasmi/src/instance/entity.rs	539	fn	pub unsafe fn get_data(self, addr: DataAddr) -> Option<NonNull<HandleAndEntity<DataSegment>>>;
A-inst	wasmi	wasmi/src/instance/handle.rs	90	fn	pub unsafe fn $cast_ident:ident(self) -> $handle:ident;
A-inst	wasmi	wasmi/src/instance/handle.rs	101	fn	pub unsafe fn $cast_ident(self) -> $handle {
A-inst	wasmi	wasmi/src/instance/handle.rs	103	block	unsafe { ::core::mem::transmute::<RawAnyHandle, $handle>(self.raw) }
A-inst	wasmi	wasmi/src/instance/handle.rs	110	fn	pub unsafe fn cast_global(self) -> Global;
A-inst	wasmi	wasmi/src/instance/handle.rs	111	fn	pub unsafe fn cast_func(self) -> Func;
A-inst	wasmi	wasmi/src/instance/handle.rs	112	fn	pub unsafe fn cast_memory(self) -> Memory;
A-inst	wasmi	wasmi/src/instance/handle.rs	113	fn	pub unsafe fn cast_table(self) -> Table;
A-inst	wasmi	wasmi/src/instance/handle.rs	114	fn	pub unsafe fn cast_data(self) -> DataSegment;
A-inst	wasmi	wasmi/src/instance/handle.rs	115	fn	pub unsafe fn cast_elem(self) -> ElementSegment;
A-inst	wasmi	wasmi/src/instance/handle.rs	134	block	let raw = unsafe { ::core::mem::transmute::<$handle, RawAnyHandle>(handle) };
A-inst	wasmi	wasmi/src/instance/thin_ptr.rs	32	block	unsafe { Self::with_exposed_provenance(addr) }
A-inst	wasmi	wasmi/src/instance/thin_ptr.rs	43	fn	pub unsafe fn with_exposed_provenance(addr: usize) -> Self {
A-inst	wasmi	wasmi/src/instance/thin_ptr.rs	47	block	ptr: unsafe { NonNull::new_unchecked(ptr) },
D	wasmi	wasmi/src/module/custom_section.rs	125	block	let name = unsafe { str::from_utf8_unchecked(name) };
D	wasmi	wasmi/src/module/mod.rs	261	fn	pub unsafe fn new_unchecked(engine: &Engine, wasm: &[u8]) -> Result<Self, Error> {
D	wasmi	wasmi/src/module/mod.rs	263	block	unsafe { parser.parse_buffered_unchecked(wasm) }
D	wasmi	wasmi/src/module/parser/buffered.rs	21	block	unsafe { self.parse_buffered_impl(buffer) }
D	wasmi	wasmi/src/module/parser/buffered.rs	36	fn	pub unsafe fn parse_buffered_unchecked(self, buffer: &[u8]) -> Result<Module, Error> {
D	wasmi	wasmi/src/module/parser/buffered.rs	37	block	unsafe { self.parse_buffered_impl(buffer) }
D	wasmi	wasmi/src/module/parser/buffered.rs	56	fn	unsafe fn parse_buffered_impl(mut self, mut buffer: &[u8]) -> Result<Module, Error> {
B	wasmi	wasmi/src/store/pruned.rs	163	block	unsafe { mem::transmute::<&'a mut Store<T>, &'a mut PrunedStore>(store) }
B	wasmi	wasmi/src/store/pruned.rs	264	block	unsafe { mem::transmute::<&mut PrunedStore, &mut Store<T>>(self) }
B	wasmi	wasmi/src/store/typeid.rs	30	block	NonStaticAny::get_type_id(unsafe {
D	wasmi_core	wasmi_core/src/simd.rs	214	block	Self(unsafe { ::core::mem::transmute::<V128, [$ty; $n]>(value) })
D	wasmi_core	wasmi_core/src/simd.rs	222	block	unsafe { ::core::mem::transmute::<[$ty; $n], V128>(self.0) }
C	wasmi_core	wasmi_core/src/memory/buffer.rs	38	impl	unsafe impl Send for ByteBuffer {}
C	wasmi_core	wasmi_core/src/memory/buffer.rs	44	impl	unsafe impl Sync for ByteBuffer {}
A-mem	wasmi_core	wasmi_core/src/memory/buffer.rs	170	block	unsafe { slice::from_raw_parts(self.ptr, self.len) }
A-mem	wasmi_core	wasmi_core/src/memory/buffer.rs	179	block	unsafe { slice::from_raw_parts_mut(self.ptr, self.len) }
A-mem	wasmi_core	wasmi_core/src/memory/buffer.rs	201	block	let vec = unsafe { Vec::from_raw_parts(self.ptr, self.len, self.capacity) };
A-ip	wasmi_ir	wasmi_ir/src/opcode.rs	30	block	Some(unsafe { mem::transmute::<u16, Self>(code) })
D	wasmi_ir	wasmi_ir/src/decode/mod.rs	243	block	let items = unsafe { &mut *array.as_mut_ptr() };
D	wasmi_ir	wasmi_ir/src/decode/mod.rs	248	block	let array = unsafe { array.assume_init() };
C	wasmi_collections	wasmi_collections/src/arena/component_vec.rs	16	impl	unsafe impl<Key, T> Send for ComponentVec<Key, T> where T: Send {}
C	wasmi_collections	wasmi_collections/src/arena/component_vec.rs	19	impl	unsafe impl<Key, T> Sync for ComponentVec<Key, T> where T: Sync {}
C	wasmi_collections	wasmi_collections/src/arena/mod.rs	42	impl	unsafe impl<Key, T> Send for Arena<Key, T> where T: Send {}
C	wasmi_collections	wasmi_collections/src/arena/mod.rs	45	impl	unsafe impl<Key, T> Sync for Arena<Key, T> where T: Sync {}
C	wasmi_collections	wasmi_collections/src/arena/stable_arena.rs	24	impl	unsafe impl<Key, T> Send for StableArena<Key, T> where T: Send {}
C	wasmi_collections	wasmi_collections/src/arena/stable_arena.rs	27	impl	unsafe impl<Key, T> Sync for StableArena<Key, T> where T: Sync {}
C	wasmi_collections	wasmi_collections/src/arena/stable_vec.rs	44	impl	unsafe impl<T: Send> Send for StableVec<T> {}
C	wasmi_collections	wasmi_collections/src/arena/stable_vec.rs	45	impl	unsafe impl<T: Sync> Sync for StableVec<T> {}
B	wasmi_collections	wasmi_collections/src/arena/stable_vec.rs	95	block	unsafe { ptr.as_ptr().add(slot).write(value) };
B	wasmi_collections	wasmi_collections/src/arena/stable_vec.rs	108	block	let ptr = unsafe { self.buckets[bucket_index].unwrap_unchecked() };
B	wasmi_collections	wasmi_collections/src/arena/stable_vec.rs	109	block	Some(unsafe { &*ptr.as_ptr().add(slot) })
B	wasmi_collections	wasmi_collections/src/arena/stable_vec.rs	120	block	let ptr = unsafe { self.buckets[bucket_index].unwrap_unchecked() };
B	wasmi_collections	wasmi_collections/src/arena/stable_vec.rs	121	block	Some(unsafe { &mut *ptr.as_ptr().add(slot) })
B	wasmi_collections	wasmi_collections/src/arena/stable_vec.rs	135	block	let ptr = unsafe { self.buckets[bucket_index].unwrap_unchecked() };
B	wasmi_collections	wasmi_collections/src/arena/stable_vec.rs	136	block	Some(unsafe { NonNull::new_unchecked(ptr.as_ptr().add(slot)) })
B	wasmi_collections	wasmi_collections/src/arena/stable_vec.rs	158	block	unsafe {
B	wasmi_collections	wasmi_collections/src/arena/stable_vec.rs	192	block	unsafe { NonNull::new_unchecked(ptr) }
B	wasmi_collections	wasmi_collections/src/arena/stable_vec.rs	229	block	unsafe {
B	wasmi_collections	wasmi_collections/src/arena/stable_vec.rs	388	block	let item: *mut T = unsafe { self.vector.get_mut(index).unwrap_unchecked() };
B	wasmi_collections	wasmi_collections/src/arena/stable_vec.rs	389	block	Some(unsafe { &mut *item })
B	wasmi_collections	wasmi_collections/src/arena/stable_vec.rs	407	block	let item: *mut T = unsafe { self.vector.get_mut(self.back).unwrap_unchecked() };
B	wasmi_collections	wasmi_collections/src/arena/stable_vec.rs	408	block	Some(unsafe { &mut *item })
D	wasmi_collections	wasmi_collections/src/string_interner/detail.rs	172	block	unsafe { mem::transmute(value) }
D	wasmparser	wasmparser/src/validator/names.rs	42	block	unsafe {
